Empresa,Direciion,Descripcion
ITC Grain International Inc,"Richmond Hill, Canada","ITC Grain International Inc. es un proveedor global de valor agregado de leguminosas y cultivos especiales. Nuestro enfoque integrado consiste en agricultura por contrato, manejo, procesamiento y comercializacion. Conectamos el suministro local con la demanda del consumidor. Nos enfocamos en economias de mercados emergentes seleccionadas donde convertimos los productos que originamos en productos de valor agregado. A traves de una logistica superior y experiencia local, creamos valor para nuestros productores, clientes, socios y partes interesadas.

Nuestra filosofia empresarial se basa en maximizar el rendimiento del productor y, al mismo tiempo, ofrecer cultivos especiales que exigen nuestros mercados. Nuestro profundo conocimiento de los requisitos locales junto con nuestras inversiones tanto en mercados de origen como de consumo nos permiten agregar valor de manera rentable a nuestros productos. Nuestras cercania con cada comunidad donde operamos combinadas con decadas de experiencia en agricultura y comercio internacional nos permiten ser su socio confiable en leguminosas y cultivos especiales."
Agreenhouse SPR de RL,"Cortazar, Mexico",Agreenhouse SPR de RL Agreenhouse es una empresa dedicada a la produccion de hortalizas en invernadero bajo el esquema de agricultura organica. El producto que actualmente nos interesa comercializar en mercado nacional es Berenjena.
BuyGreen,"Leon, Mexico","Fabricante de repelente naturales para el control de plagas.
?Fabricacion y desarrollo de productos para el control de plagas.
?Fabricacion y desarrollo de productos para la limpieza institucional.
?Servicios de limpieza industrial y corporativa.
?Servicios de lavado de alfombras.
?Venta de productos para los diferentes insectos rastreros y plagas del hogar.
?Venta de detergentes y desengrasantes para grasas pesadas.?Fabricacion y desarrollo de productos para el control de plagas."
Kepla,"Zapopan, Mexico","Bombas de Agua. Motores Electricos. Bombas para Agricultura.

Calidad y Respaldo en Manufactura.

Bombas Superficiales
Bombas centrifugas | Bombas Jet | Bombas presurizadoras | Bombas Autocebantes | Bombas Multietapa

Bombas Sumergibles
Bombas para agua limpia | Bombas para agua sucia | Bombas para rios, pozos y lagos | Bombas de pozo profundo

Bombas Solares
En conjunto con paneles solares y un controlador inteligente entregamos diferentes bombas de agua que funcionan sin necesidad de una conexion electrica ni de un motor de combustion interna.

Motores Electricos
Con el respaldo de la calidad del standard NEMA manufacturamos motores con calidad, precio, poder y eficiencia."
Nuevas Delicias Mexico,"Chihuahua, Mexico","Somo productores de Durazno baby gold 8

Nuestro huerto esta ubicado en la colonia Nuevas Delicias, Chihuahua, Mexico.

Contamos con una excelente calidad de produccion y nos interesa ofrecer a ustedes nuestro producto.

La ultima semana del mes de Agosto 2015, tendremos la cosecha lista y podemos enviar a cualquier parte de la republica.

El empaque, la cantidad, el envio y el costo por kilogramo se acordaria una vez ustedes tengan el interes."
fertilizantes organicos queretaro,"Queretaro, Mexico","- Humus de lombriz tonelada 3000$ en costales 40 kg incluye flete.
-Humus organico tonelada 2200$ en costales 40kg incluye flete.
- Lixiviado y/o te de humus garrafa 20lt 400$
- Lixiviado y/o te de humus garrafa 5lt 150$

- Tierra para maceta (enriquecida humus organico)costales de 30 kg - 35 $
(Propia para todas las plantas ,su plus consiste viene adicionada con humus organico y plaguicida ""tierra de Diatomea"", producto 100% naturales, elaborado con humus y plaguicidas organicos.

- fibra de coco (molida y enriquecida con nutrientes) costales grandes 120 $
es un producto 100% organico, enriquecido con nutrientes por mas de dos anos en un proceso de hidroponia, su textura y porosidad se aproxima al 96%, ideal para ser utilizado como sustrato y retenedor de humedad ,estabiliza el pH y la conductividad electrica del medio, favorece la aeracion y oxigenacion de la raiz , siendo un producto ideal ara sembrar macetas, jardineras, hortalizas, pasto, arboles ,etc.


sistemas de riego automatizados."
Re Mineral,"Zapopan, Mexico","?POR QUE REMINERALIZAR?
Proporciona liberacion lenta y natural de los elementos y minerales.
Aumenta la ingesta de nutrientes de las plantas.
Incrementa los rendimientos de las cosechas.
Re-equilibra el pH del suelo, obteniendo un mejor resultado al momento de la cosecha.
Propicia el crecimiento de microorganismos y la actividad de las lombrices de tierra.
Construye complejo de humus.
Previene la erosion del suelo.
Mejora la resistencia a insectos, enfermedades, heladas y sequias.
Produce cosechas mas nutritivas.
Mejora el sabor en los cultivos.
Disminuye la dependencia de fertilizantes, pesticidas y herbicidas.
Evita la aparicion de hongos y plagas daninas al suelo.
No altera las fechas de siembra o escarda.
Mejora la textura de los suelos facilitando asi su labranza"
"Bio-natsa,spr. De Rl. De Cv.","Tlajomulco de Zuniga, Mexico","Distribuidora de productos organicos para areas verdes y agricolas, asi como proveedor de plantas, flores, pastos y arboles, a municipios municipales
asi como distribuidor de productos en areas urbanas"
GREENTRADE,"Cihuatlan, Mexico","GreenTrade es una empresa global que comercializa los productos del agro con la finalidad de resolver los desafios que enfrentan los agricultores en el Campo Mexicano por un precio atractivo.

Aportamos ciencia y soluciones innovadoras para resolver los desafios que enfrentas en el campo. Encuentra aqui los productos que podran ayudarte a mejorar la cantidad, calidad y sustenibilidad de tus productos.

Fertilizantes - MKP - UREA - NPK y mas
Bombas
Sistemas de Irrigacion
Plasticos Agricolas
Carretes de Rafia
Bolso de Plastico


Tambien por nuestra oficinas en China, ahorita estamos comercializando productos de seguridad (kits de camaras de seguridad) nosotros tenemos el mejor precio del mercado con un super bien calidad."
Telemetria mas Ingenieria tota,"Tlalnepantla, Mexico","Somos una empresa mexicana conformada por profesionales con mas de 15 anos de experiencia en la consultoria, suministro, diseno e implementacion de proyectos de ingenieria en: Tecnologias de adquisicion, transmision, control, automatizacion, registro y visualizacion de datos lo cual nos hace una PyME con vision global de nuestro Mercado.

En Telemetria de Mexico nos especializamos en el diseno, ingenieria y puesta en marcha de redes de telemetria y sistemas de control para monitoreo, adquisicion de datos SCADA y Redes Smart Grid.

Generamos soluciones para el monitoreo sismico, volcanico, hidrologia, sector electrico industrial, agricultura, ing. civil y geotecnia."
Snf floerger de mexico s.a. de c.v.,"El Marques, Mexico","Snf floerger de mexico subsidiaria del grupo snf, es el lider mundial en fabricacion y comercializacion de floculantes y coagulantes organicos.

nuestra estructura en torno a la quimica de la acrilamida nos permite ofrecer la mas grande variedad de polimeros base acrilamida para procesos de separacion solido-liquido.

nuestras aplicaciones incluyen:

procesos de separacion solido - liquido
clarificacion
espesado de lodos
deshidratado de lodos
ayudantes de flotacion (daf, iaf)
remocion de metales pesados
espesantes para la industria cosmetica
procesos de separacion en mineria
superabsorbentes de uso agricola"
Av quimicos,"Zapopan, Mexico","Av. quImicos es una empresa con experiencia, en la distribucion y la comercializacion de quimicompuestos y materias primas, para el sector productivo en las especialidades de:
cosmA%0tica alimentos farmacA%0uticos industrial y agricultura"
Verdevida,"El Marques, Mexico","Producimos y vendemos fertilizantes organicos de excelente calidad, en proceso de certificacion, humus de lombriz y compostas organicas, asi como liquidos, pies de cria, asesoria. tambien recibimos residuos organicos como podas, cosechas, restaurantes, estiercol, etc."
Ecoservicios,"San Andres Cholula, Mexico",Soy productora: vendo fresa tipo albion cultivada en hidroponia
Rancho Ecologico el Amate,"Ocuilan, Mexico","Empresa Dedicada a la Agricultura Organica, Elaboracion de Conservas Artesanales de Frutas y Hortalizas, Mermeladas, Ates, Almibares, Jugos de Frutas, Licores y Golosinas."
"Productores de Salamanca, S.A. de C.V.","Salamanca, Mexico",Empresa Dedicada a la Produccion de Productos Agropecuarios.
La Granjita,"Cortazar, Mexico",Agricultura e Invernaderos.
Grupo Alfer,"Los Mochis, Mexico",Empresa Dedicada a la Produccion de Granos y Hortalizas Para Exportacion.
"Fertilizantes Organicos Biogenix, S.A. de C.V.","Ramos Arizpe, Mexico","Institucion de Investigacion Biologica en Nutricion y Desarrollo Vegetal, Asi Como Productores de Insumos Agricolas de Origen Organico."
Keithly-Williams Semillas de Mexico,"Mexicali, Mexico","Empresa Dedicada a la Venta de Semillas para la Agricultura, Semillas de Alcachofa, Esparrago, Frijoles, Remolacha, Brocoli, Col, Zanahoria, Coliflor, Mostaza, Perejil, Papaya, etc."
"Maf Agrobotica, S.A. de C.V.","Culiacan, Mexico","Empresa Dedicada a la Venta de Equipo, Maquinaria y Refacciones para la Agricultura, Motoreductores, Chumaceras, Transportadores de Rodillos, Rodillos para Bandas, Grapas para Bandas, Ventiladores Industriales, Volcadores, Cribas Eliminadoras, etc."
"Fertilizantes y Minerales, S.A. de C.V. Femisa","Queretaro, Mexico","Actividad. Extraccion, Produccion y Beneficio de Diferentes Minerales no Metalicos; asi como Materias Primas Basicas para la Industria Agricultura, Agropecuaria, Construccion, Perforacion, Fundicion, Cosmetica, Ceramica y Pinturas entre Otras."
"Agrosolaris, S.A. de C.V.","Salamanca, Mexico",Fabricante de productos quimicos para la agricultura e industria.
"Agroteq, S.A. de C.V.","Queretaro, Mexico","Empresa Dedicada a la Proveduria de Insumos Agricolas Organicos y Otros Para Agricultura Convencional, Principalmente lo Relacionado a Nutricion y Cubiertas Plasticas."
"Andreas Stihl, S.A. de C.V.","Delegacion Alvaro Obregon, Mexico","Compra/Venta, Importacion y Comercializacion de todo tipo de Implementos Motorizados Manuales para la Industria, Construccion, Forestal, Agricultura y Jardineria."
"Quimica Pima, S.A. de C.V.","Hermosillo, Mexico","Empresa Dedicada a la Fabricacion y Comercializacion de Productos Quimicos para la Industria y la Agricultura. Contamos con Instalaciones Necesarias de Almacenamiento asi como Transporte Especializado para Efectuar Entregas en Tiempo y Forma, ..."
"Geoquimica Industrial IBCER, S.A. de C.V.","Los Mochis, Mexico","Somos una Empresa 100% Mexicana Dedicada a Desarrollar Productos y Metodos Organicos para Mejorar Suelos, Fortalecer Cultivos y Controlar Plagas en la Agricultura y Jardineria. Nuestra Mision es Satisfacer las Necesidades de Agricultores y ..."
"Agroinsumos VMV, S.A. de C.V.","Matamoros, Mexico","Empresa Dedicada a la Venta de Insumos para la Agricultura, Semillas Forrajeras, Productos Organicos, Quimicos, etc."
Cia. Tratamiento de Cobre y Sulfato,"Acolman, Mexico","Fabricante de productos para la industria quimica, agricultura, sales para la elaboracion de premezclas minerales en la industria de alimentos balanceados para animales y materias primas para la industria farmaceutica. Sulfato ferroso, sulfato de ..."
PlastA*Textil Agrotextiles Mexico / Plastextil,"Culiacan, Mexico",Fabricacion de Mallas Agricolas asi Como Tejidos de Proteccion para Agricultura y Horticultura.
Agricultura Alternativa,"San Luis Potosi, Mexico",Empresa Dedicada a Brindar Servicios de Consultoria en Diseno de Proyectos Sustentables y Agricultura Urbana.
"Maquinaria, S.A. de C.V. Maqsa","Chihuahua, Mexico","Con mas de 60 anos de experiencia, MAQSA es una empresa lider en maquinaria, refacciones y servicio para la industria, el comercio, la mineria, la agricultura y la construccion; influyendo positivamente en el constante desarrollo de la sociedad y el..."
Gravure Chemicals International,"Zapopan, Mexico","Empresa dedicada a la venta de productos quimicos para el rotograbado, aditivos ecologicos para ahorro y potencia de combustibles, ahorros hasta un 50% de gasolina y emisiones, fertilizantes organicos para agricultura y productos para el tratamiento..."
Chemical Instruments and Medical Supplies,"Zapopan, Mexico","Instrumentacion Analitica para la Industria del Agua, Farmaceutica, Alimentos, Agricultura, Quimica, Medica, Proceso, Investigacion, Cosmetica, Petroquimica, Acuicola e Industria en General."
"Comercializadora Greenhow, S.A. de C.V.","Zapopan, Mexico","Empresa Dedicada a la Comercializacion de Fertilizantes Hidrosolubles para la Agricultura, Asi como Servicio Tecnico para Fertilizacion."
"Barmex, S.A. de C.V.","Santa Catarina, Mexico","Somos una Empresa Lider con mas de 30 Anos de Experiencia en la Fabricacion y Comercializacion de Productos Quimicos para la Perforacion, Construccion, Agricultura, Alimentos, Medio Ambiente, Curtiduria, Limpieza, entre otros. Sistema de Gestion de ..."
"Buckman Laboratories, S.A. de C.V.","Jiutepec, Mexico","Buckman desde 1945 Ofrece Productos Quimicos para las Industrias: Pulpa y Papel, Tratamiento de Aguas, Teneria, Agricultura y Tratamiento de Madera, Textil, Pinturas y Recubrimientos asi como a las Industrias Petrolera y Minera. Desde Nuestra ..."
"Leyton Green House and Supply, S. de R.L. de C.V.","Celaya, Mexico","Servicio en todo lo que se refiere a suministro de materiales y equipos para agricultura tecnificada servicios de instalacion de sistemas de riego, capacitacion en manejo de cultivos en condiciones de ambiente controlado y sistemas fertiriego, asi ..."
